<?xml version="1.0" encoding="UTF-8" standalone="yes"?><Root><Driver><DriverLoader Value="Aldila" /><DriverName Value="ATDriverClient" /><DriverAddress Value="localhost|5000" /><DriverFT Value="30000" /><DriverRedundancy Value="" /></Driver><Task><TaskName Value="ZMike4" /><TaskRate Value="50" /><Tag Offset="0" Scale="0.001" DriverLoader="Aldila" TagAddress="ZMike.4.S1" TagName="S1" /><Tag Offset="0" Scale="0.001" DriverLoader="Aldila" TagAddress="ZMike.4.S2" TagName="S2" /><Tag Offset="0" Scale="0.001" DriverLoader="Aldila" TagAddress="ZMike.4.S3" TagName="S3" /><Tag Offset="0" Scale="0.001" DriverLoader="Aldila" TagAddress="ZMike.4.S4" TagName="S4" /></Task><InternalTask><InternalTaskName Value="InternalTask_ZMike4" /><InternalTaskRate Value="50" /><InternalTag InternalTagName="S1" /><InternalTag InternalTagName="S2" /><InternalTag InternalTagName="S3" /><InternalTag InternalTagName="S4" /><InternalTag InternalTagName="Part" /><InternalTag InternalTagName="WorkOrder" /><InternalTag InternalTagName="MeasType1" /><InternalTag InternalTagName="MeasType2" /><InternalTag InternalTagName="MeasType3" /><InternalTag InternalTagName="MeasType4" /><InternalTag InternalTagName="Result1" /><InternalTag InternalTagName="Result2" /><InternalTag InternalTagName="Result3" /><InternalTag InternalTagName="Result4" /><InternalTag InternalTagName="Station" /></InternalTask></Root>